URL,Response Time (ms)
https://www.michelvigoureux.fr/,266.64
https://www.michelvigoureux.fr/python-seo/analyse-logs-secrets-robots-moteurs-recherche,405.87
https://www.michelvigoureux.fr/seo-technique/optimisation-url-seo,337.15
https://www.michelvigoureux.fr/python-seo/,409.45
https://www.michelvigoureux.fr/seo-technique/guide-installation-search-console-validation-dns,381.97
https://www.michelvigoureux.fr/python-seo/comment-installer-python-3-sur-ubuntu,233.46
https://www.michelvigoureux.fr/a-propos-de-moi,408.75
https://www.michelvigoureux.fr/seo/,407.42
https://www.michelvigoureux.fr/seo/comprendre-l-importance-des-backlinks-en-seo,273.21
https://www.michelvigoureux.fr/seo/analyse-volatilite-classement-mise-a-jour-google-aout-2023,206.46
https://www.michelvigoureux.fr/python-seo/verification-des-codes-de-statut-des-urls-avec-python,200.9
https://www.michelvigoureux.fr/python-seo/pourquoi-choisir-python-en-seo,524.6
https://www.michelvigoureux.fr/seo/optimiser-core-web-vitals-classement-google,314.13
https://www.michelvigoureux.fr/seo-technique/les-robots-des-moteurs-de-recherche,334.34
https://www.michelvigoureux.fr/seo/ameliorer-la-vitesse-de-chargement-largest-contentful-paint-lcp,229.75
https://www.michelvigoureux.fr/seo/decouvrir-l-operateur-site-google,218.1
https://www.michelvigoureux.fr/seo-technique/guide-seo-optimisation-brotli,217.22
https://www.michelvigoureux.fr/contact,231.84
https://www.michelvigoureux.fr/seo-technique/,226.63
https://www.michelvigoureux.fr/seo/guide-complet-redaction-seo,328.9
https://www.michelvigoureux.fr/seo/augmentez-votre-trafic-organique,217.58
